<?xml version="1.0" encoding="utf-8"?>
<modification>
    <code>facturalusa</code>
    <name>Facturalusa - Software de Facturação Online</name>
    <version>1.01</version>
    <author>Infolusa - Soluções Informáticas</author>
    <link>https://facturalusa.pt</link>
    <file path="admin/controller/sale/order.php">
        <operation>
            <search><![CDATA[
            $results = $this->model_sale_order->getOrders($filter_data);
            ]]></search>
            <add position="after"><![CDATA[
            $this->load->model('extension/module/facturalusa_documents');
            ]]></add>
        </operation>
    </file>
	<file path="admin/controller/sale/order.php">
        <operation>
            <search index="0"><![CDATA[
            foreach ($results as $result) {
            ]]></search>
            <add position="after"><![CDATA[
			$facturalusaDocument = $this->model_extension_module_facturalusa_documents->get($result['order_id']);
            ]]></add>
        </operation>
    </file>
	<file path="admin/controller/sale/order.php">
        <operation>
            <search><![CDATA[
            'shipping_code' => $result['shipping_code'],
            ]]></search>
            <add position="after"><![CDATA[
			'facturalusa' => $facturalusaDocument,
            ]]></add>
        </operation>
    </file>
	<file path="admin/view/template/sale/order_list.twig">
        <operation>
            <search><![CDATA[
            <td class="text-left">{{ order.customer }}</td>
            ]]></search>
            <add position="replace"><![CDATA[
			<td class="text-left">
				{{ order.customer }}
				{% if order.facturalusa %}
					{% if order.facturalusa['error'] %}
						<span class="label label-danger" data-toggle="tooltip" title="{{ order.facturalusa['error'] }}" style="float: right; padding-right: 10px; padding-left: 10px; color: #fff; font-weight: normal; font-size: 11px">Erro</span>
					{% else %}
						{% if order.facturalusa['is_canceled'] %}
							<span class="label label-danger" style="float: right; padding-right: 10px; padding-left: 10px; color: #fff; font-weight: normal; font-size: 11px">Anulado</span>
						{% elseif order.facturalusa['status'] == 'Rascunho' %}
							<span class="label label-warning" style="float: right; padding-right: 10px; padding-left: 10px; color: #fff; font-weight: normal; font-size: 11px">Rascunho</span>
						{% else %}
							{% set html %}
								<table class="table-table-condensed">
									<tbody>
									<tr>
										<td class="text-left">Doc.:</td>
										<td class="text-left">{{ order.facturalusa['document_description'] }}</td>
									</tr>
									<tr>
										<td class="text-left">Série:</td>
										<td class="text-left">{{ order.facturalusa['serie'] }}</td>
									</tr>
									<tr>
										<td class="text-left">Número:</td>
										<td class="text-left">{{ order.facturalusa['number'] }}</td>
									</tr>
									<tr>
										<td class="text-left">Total:</td>
										<td class="text-left">{{ order.facturalusa['grand_total']|number_format(2, ',', '') }}€</td>
									</tr>
									</tbody>
								</table>
							{% endset %}
							<span class="label label-success" data-toggle="tooltip" data-html="true" title="{{ html|escape }}" style="float: right; padding-right: 10px; padding-left: 10px; color: #fff; font-weight: normal; font-size: 11px">Facturalusa</span>
						{% endif %}
					{% endif %}
				{% endif %}
			</td>
            ]]></add>
        </operation>
    </file>
	<file path="admin/controller/sale/order.php">
        <operation>
            <search index="2"><![CDATA[
            $data['catalog'] = $this->request->server['HTTPS'] ? HTTPS_CATALOG : HTTP_CATALOG;
            ]]></search>
            <add position="after"><![CDATA[
			$this->load->model('extension/module/facturalusa_documents');
			$facturalusaDocument = $this->model_extension_module_facturalusa_documents->get($order_info['order_id']);
			$data['facturalusa'] = $facturalusaDocument;
			$data['facturalusa_create_status'] = $this->config->get('module_facturalusa_document_create_order_status');
			$data['facturalusa_cancel_status'] = $this->config->get('module_facturalusa_document_cancel_order_status');
            ]]></add>
        </operation>
    </file>
	<file path="admin/view/template/sale/order_info.twig">
        <operation>
            <search index="3"><![CDATA[
            class="panel panel-default"
            ]]></search>
            <add position="before"><![CDATA[
			<div class="row">
				<div class="col-sm-4">
					<div class="panel panel-info">
						<div class="panel-heading">
							<h3 class="panel-title"><i class="fa fa-info-circle"></i> Facturalusa - Sincronização</h3>
						</div>
						<input type="hidden" id="facturalusa_create_status" value="{{ facturalusa_create_status|json_encode|escape }}">
						<input type="hidden" id="facturalusa_cancel_status" value="{{ facturalusa_cancel_status|json_encode|escape }}">
						<table class="table" style="margin-bottom: 0px;">
							<tbody>
								<tr>
									<td>Estado</td>
									<td class="text-right">
										{% if facturalusa %}
											{% if facturalusa.is_canceled %}
												<span class="label label-danger" style="font-weight: normal; font-size: 12px">Cancelado</span>
											{% else %}
												{% if facturalusa.status == 'Terminado' %}
													<span class="label label-success" style="font-weight: normal; font-size: 12px">Terminado</span>
												{% else %}
													<span class="label label-warning" style="font-weight: normal; font-size: 12px">Rascunho</span>
												{% endif %}
											{% endif %}
										{% else %}
											N/A
										{% endif %}
									</td>
								</tr>
								{% if facturalusa and facturalusa.error %}
									<tr>
										<td class="text-center text-danger" style="font-weight: bold" colspan="2">{{ facturalusa.error }}</td>
									</tr>
								{% endif %}
								{% if not facturalusa or facturalusa.status == 'Rascunho' %}
									<tr>
										<td colspan="2">
											<button type="button" id="btn-facturalusa-create" class="btn btn-success btn-block">Sincronizar documento</button>
										</td>
									</tr>
								{% elseif facturalusa and facturalusa.status == 'Terminado' and not facturalusa.is_canceled %}
									<tr>
										<td>
											<button type="button" id="btn-facturalusa-cancel" class="btn btn-danger btn-block">Anular documento</button>
										</td>
										<td>
											<button type="button" id="btn-facturalusa-download" class="btn btn-success btn-block">Download documento</button>
										</td>
									</tr>
								{% elseif facturalusa and facturalusa.status == 'Terminado' and facturalusa.is_canceled %}
									<tr>
										<td colspan="2">
											<button type="button" id="btn-facturalusa-download" class="btn btn-success btn-block">Download documento</button>
										</td>
									</tr>
								{% endif %}
							</tbody>
						</table>
					</div>
				</div>
				<div class="col-sm-8">
					<div class="panel panel-info">
						<div class="panel-heading">
							<h3 class="panel-title"><i class="fa fa-info-circle"></i> Facturalusa - Documento</h3>
						</div>
						<div class="row">
							<div class="col-sm-6">
								<table class="table" style="margin-bottom: 0px;">
									<tbody>
										<tr>
											<td>Data emissão</td>
											<td class="text-right">{{ facturalusa and facturalusa.status == 'Terminado' ? facturalusa.issue_date : 'N/A' }}</td>
										</tr>
										<tr>
											<td>Documento</td>
											<td class="text-right">
												{% if facturalusa and facturalusa.status == 'Terminado' %} 
													{{ facturalusa.document_description ~ ' ' ~ facturalusa.serie ~ '/' ~ facturalusa.number }}
												{% else %}
													N/A
												{% endif %} 
											</td>
										</tr>
										<tr>
											<td>Cliente</td>
											<td class="text-right">{{ facturalusa and facturalusa.status == 'Terminado' ? facturalusa.customer_name : 'N/A' }}</td>
										</tr>
										<tr>
											<td>Contribuinte</td>
											<td class="text-right">{{ facturalusa and facturalusa.status == 'Terminado' ? facturalusa.customer_vat_number : 'N/A' }}</td>
										</tr>
									</tbody>
								</table>
							</div>
							<div class="col-sm-6">
								<table class="table" style="margin-bottom: 0px;">
									<tbody>
										<tr>
											<td>Total s/IVA</td>
											<td class="text-right">{{ facturalusa and facturalusa.status == 'Terminado' ? facturalusa.net_total|number_format(2, ',', '') : 'N/A' }}</td>
										</tr>
										<tr>
											<td>Total de IVA</td>
											<td class="text-right">{{ facturalusa and facturalusa.status == 'Terminado' ? facturalusa.total_vat|number_format(2, ',', '') : 'N/A' }}</td>
										</tr>
										<tr>
											<td>Total geral</td>
											<td class="text-right">{{ facturalusa and facturalusa.status == 'Terminado' ? facturalusa.grand_total|number_format(2, ',', '') : 'N/A' }}</td>
										</tr>
										{% if facturalusa and facturalusa.status == 'Terminado' %}
											<tr>
												<td colspan="2" class="text-center">
													<a href="https://facturalusa.pt/app/vendas/find/{{ facturalusa.facturalusa_id }}" target="_blank">Abrir documento no Facturalusa</a>
												</td>
											</tr>
										{% endif %}
									</tbody>
								</table>
							</div>
						</div>
					</div>
				</div>
			</div>
            ]]></add>
        </operation>
    </file>
	<file path="admin/view/template/sale/order_info.twig">
        <operation>
            <search><![CDATA[
            <script type="text/javascript"><!--
            ]]></search>
            <add position="after"><![CDATA[
			function startLoading()
			{
				var html  = '<div id="overlay" style="position: fixed; width: 100%; height: 100vh; top: 0; bottom: 0; background: rgba(0, 0, 0, 0.5);">';
					html += ' <i class="fa fa-spinner fa-spin" style="position: absolute; text-align: center; left: 0; right: 0; font-size: 50px; z-index: 9999; top: 150px; color: #fff"></i>';
					html += '</div>';
					
				$('body').append(html);
			}

			function stopLoading()
			{
				$('#overlay').remove();
			}

			$(document).delegate('#btn-facturalusa-download', 'click', function()
			{
				if (window.confirm('Tem a certeza que deseja continuar?')) 
				{
					startLoading();

					$.post('index.php?route=extension/module/facturalusa/download&user_token={{ user_token }}&order_id={{ order_id }}', function(response)
					{
						stopLoading();

						if (response.status == false)
							alert(response.message);
						else
							window.open(response.url_file);
					}).fail(function(response)
					{
						stopLoading();

						alert('Não foi possível fazer download do ficheiro');
					});
				}
			});

			$(document).delegate('#btn-facturalusa-create', 'click', function()
			{	
				if (window.confirm('Tem a certeza que deseja continuar?')) 
				{
					startLoading();

					$.post('index.php?route=extension/module/facturalusa/create&user_token={{ user_token }}&order_id={{ order_id }}', function(response)
					{
						stopLoading();

						if (response.status == false)
							alert(response.message);
						else
							location.reload();
					}).fail(function(response)
					{
						stopLoading();

						alert('Não foi possível sincronizar, actualize esta página para ver o erro');
					});
				}
			});

			$(document).delegate('#btn-facturalusa-cancel', 'click', function()
			{	
				if (window.confirm('Tem a certeza que deseja continuar?')) 
				{
					startLoading();

					$.post('index.php?route=extension/module/facturalusa/cancel&user_token={{ user_token }}&order_id={{ order_id }}', function(response)
					{
						stopLoading();

						if (response.status == false)
							alert(response.message);
						else
							location.reload();
					}).fail(function(response)
					{
						stopLoading();

						alert('Não foi possível anular, actualize esta página para ver o erro');
					});
				}
			});
            ]]></add>
        </operation>
    </file>
	<file path="admin/view/template/sale/order_info.twig">
        <operation>
            <search><![CDATA[
            $('textarea[name=\'comment\']').val('');
            ]]></search>
            <add position="after"><![CDATA[
			var orderStatusId = $('select[name="order_status_id"]').val();
			var facturalusaCreateStatus = JSON.parse($('#facturalusa_create_status').val());
			var facturalusaCancelStatus = JSON.parse($('#facturalusa_cancel_status').val());

			orderStatusId = orderStatusId.toString();

			if ($.inArray(orderStatusId, facturalusaCreateStatus) > -1 || $.inArray(orderStatusId, facturalusaCancelStatus) > -1)
				location.reload();
            ]]></add>
        </operation>
    </file>
</modification>
